{
  "札幌市中央区南6条西3-6-24": [
    43.0536762,
    141.355155
  ],
  "札幌市南区定山渓温泉東3-239": [
    42.965512,
    141.1647479
  ],
  "札幌市中央区南5条西4丁目": [
    43.0542727,
    141.3528949
  ],
  "札幌市中央区南5条西3丁目": [
    43.0544938,
    141.3543991
  ],
  "札幌市中央区南6条西4丁目": [
    43.0531965,
    141.3531372
  ],
  "札幌市中央区南3条西3-3-2": [
    43.0567913,
    141.3539452
  ],
  "札幌市中央区南3条西5-1-1": [
    43.0561638,
    141.3509093
  ],
  "札幌市中央区南6条西4-2-4": [
    43.0530004,
    141.3531744
  ],
  "札幌市中央区南4条西5-10": [
    43.055225,
    141.35099
  ],
  "札幌市中央区南6条西4-5": [
    43.0552447,
    141.3532671
  ],
  "札幌市中央区南五条西4-4-2": [
    43.0542727,
    141.3528949
  ],
  "札幌市 〒064-0805": [
    43.0539038,
    141.3485336
  ],
  "札幌市中央区南五条西5": [
    43.0540564,
    141.3513056
  ],
  "札幌市 〒060-0003": [
    43.063905,
    141.3432009
  ],
  "札幌市中央区南2条西6-17-5": [
    43.0573241,
    141.3488835
  ],
  "札幌市 〒003-0874": [
    43.061936,
    141.3542924
  ],
  "札幌市 〒060-0063": [
    43.0562948,
    141.3492879
  ],
  "札幌市 〒064-0807": [
    43.0507918,
    141.3469785
  ],
  "札幌市中央区南5条西3-8-8": [
    43.0544938,
    141.3543991
  ],
  "札幌市東区北37条東6-2-10": [
    43.1063467,
    141.3548681
  ],
  "札幌市中央区南2条西6-5-3": [
    43.0573241,
    141.3488835
  ],
  "札幌市中央区南4条西3-9-5": [
    43.0559532,
    141.3535496
  ],
  "札幌市中央区南2条西7-1-1": [
    43.0571154,
    141.3473217
  ],
  "札幌市中央区南2条西1-6-1": [
    43.0584005,
    141.356846
  ],
  "札幌市中央区南3条西5-35-3": [
    43.0563633,
    141.3508023
  ],
  "札幌市清田区里塚1条2-1-7": null,
  "札幌市中央区南11条西22-2-2": [
    43.0427389,
    141.3248049
  ],
  "札幌市中央区南1条西9-4-1": [
    43.0578597,
    141.343878
  ],
  "札幌市中央区南5条西2-2": [
    43.0543958,
    141.3559749
  ],
  "札幌市白石区本郷通南12丁目南4-15": null,
  "札幌市中央区南7条西3-7-29": [
    43.0519795,
    141.354639
  ],
  "札幌市清田区清田1条4-1-37": null,
  "札幌市中央区南4条西5-6-1": [
    43.055225,
    141.35099
  ],
  "札幌市中央区南5条西4-13": [
    43.0543652,
    141.3523995
  ],
  "札幌市中央区南5条西3-1": [
    43.0541499,
    141.3548735
  ],
  "札幌市中央区南6条西3-6-26": [
    43.0538106,
    141.3547973
  ],
  "札幌市中央区北一条西3-3-24": null,
  "札幌市中央区南7条西4-2-6": [
    43.052003,
    141.3534401
  ],
  "札幌市中央区南4条西6-8-3": [
    43.055018,
    141.349432
  ],
  "札幌市中央区南6条西4-5-8": [
    43.0531965,
    141.3531372
  ],
  "札幌市中央区南5条西5-5": [
    43.0540564,
    141.3513056
  ],
  "札幌市 公式HPを参照": null,
  "札幌市中央区大通東1-3": [
    43.0609369,
    141.3584961
  ]
}